발생년,발생년월일시분,주야,요일,사망자수,사상자수,중상자수,경상자수,부상신고자수,발생지시도,발생지시군구,사고유형_대분류,사고유형_중분류,사고유형,법규위반_대분류,법규위반,도로형태_대분류,도로형태,가해자_당사자종별_대분류,가해자_당사자종별,피해자_당사자종별_대분류,피해자_당사자종별,발생위치X_UTMK,발생위치Y_UTMK,경도,위도
2015,2015-01-06 2:30,야간,화,1,1,0,0,0,제주,제주시,차대사람,횡단중,횡단중,운전자법규위반,안전운전 의무 불이행,단일로,기타단일로,승용차,경형,보행자,보행자,906416,1499335,126.4927104,33.48175278
2015,2015-01-12 19:38,야간,월,1,1,0,0,0,제주,서귀포시,차대사람,횡단중,횡단중,운전자법규위반,안전운전 의무 불이행,단일로,기타단일로,승용차,중형,보행자,보행자,943557,1494870,126.8927317,33.44408644
2015,2015-01-15 18:10,야간,목,1,1,0,0,0,제주,서귀포시,차대차,추돌,진행중 추돌,운전자법규위반,안전운전 의무 불이행,단일로,기타단일로,승용차,중형,자전거,자전거,928082,1476978,126.7276754,33.28179093
2015,2015-01-18 2:50,야간,일,1,1,0,0,0,제주,서귀포시,차대사람,기타,기타,운전자법규위반,안전운전 의무 불이행,교차로,교차로부근,승용차,중형,보행자,보행자,939015,1483555,126.8446335,33.3417851
2015,2015-01-28 18:45,야간,수,1,3,2,0,0,제주,서귀포시,차대차,기타,기타,운전자법규위반,직진 및 우회전차의 통행방해,교차로,교차로내,승합차,대형,농기계,농기계,900382,1472415,126.4307465,33.23843596
2015,2015-01-29 11:25,주간,목,1,1,0,0,0,제주,제주시,차량단독,공작물충돌,공작물충돌,운전자법규위반,안전운전 의무 불이행,단일로,기타단일로,이륜차,소형,없음,없음,922371,1505870,126.6638574,33.54196652
2015,2015-01-29 17:30,주간,목,1,1,0,0,0,제주,제주시,차량단독,공작물충돌,공작물충돌,운전자법규위반,안전운전 의무 불이행,단일로,기타단일로,승용차,중형,없음,없음,917875,1492447,126.6166655,33.42057337
2015,2015-01-29 18:05,야간,목,1,1,0,0,0,제주,제주시,차대사람,기타,기타,운전자법규위반,보행자 보호의무 위반,단일로,횡단보도상,승용차,중형,보행자,보행자,909613,1503156,126.5267313,33.51648676
2015,2015-02-09 18:20,야간,월,1,2,1,0,0,제주,서귀포시,차대사람,횡단중,횡단중,운전자법규위반,보행자 보호의무 위반,단일로,횡단보도상,화물차,소형,보행자,보행자,914475,1474262,126.5818218,33.25630209
2015,2015-02-10 21:47,야간,화,1,1,0,0,0,제주,제주시,차대사람,기타,기타,운전자법규위반,안전운전 의무 불이행,단일로,기타단일로,승용차,대형,보행자,보행자,898431,1499670,126.4067391,33.48404555
2015,2015-02-17 17:30,주간,화,2,13,4,7,0,제주,제주시,차대차,기타,기타,운전자법규위반,과속,교차로,교차로내,승합차,소형,승용차,소형,902111,1499353,126.4463783,33.48152987
2015,2015-02-20 18:50,야간,금,1,1,0,0,0,제주,서귀포시,차대사람,횡단중,횡단중,운전자법규위반,안전운전 의무 불이행,교차로,교차로내,승용차,소형,보행자,보행자,925599,1476940,126.7010159,33.28127968
2015,2015-02-21 15:20,주간,토,1,7,5,0,1,제주,서귀포시,차대차,정면충돌,정면충돌,운전자법규위반,중앙선 침범,단일로,기타단일로,승용차,중형,승용차,중형,894936,1476925,126.3717785,33.27859208
2015,2015-02-21 19:39,야간,토,1,1,0,0,0,제주,제주시,차대사람,횡단중,횡단중,운전자법규위반,안전운전 의무 불이행,단일로,기타단일로,승용차,경형,보행자,보행자,911317,1498178,126.5455701,33.47173594
2015,2015-02-24 5:58,야간,화,1,2,1,0,0,제주,제주시,차대사람,횡단중,횡단중,운전자법규위반,과속,단일로,횡단보도상,승용차,중형,보행자,보행자,906554.5,1500908.4,126.4940369,33.49595423
2015,2015-02-27 13:50,주간,금,1,1,0,0,0,제주,제주시,차대차,추돌,진행중 추돌,운전자법규위반,안전운전 의무 불이행,단일로,기타단일로,원동기장치자전거,원동기장치자전거,화물차,중형,911691,1501846,126.5492333,33.50484645
2015,2015-03-01 17:30,주간,일,1,2,1,0,0,제주,제주시,차량단독,공작물충돌,공작물충돌,운전자법규위반,안전운전 의무 불이행,단일로,기타단일로,승용차,중형,없음,없음,880526,1487756,126.2156373,33.37476155
2015,2015-03-04 0:03,야간,수,1,1,0,0,0,제주,제주시,차대사람,횡단중,횡단중,운전자법규위반,보행자 보호의무 위반,단일로,횡단보도상,승용차,중형,보행자,보행자,910706.2,1502656.7,126.538551,33.51207582
2015,2015-03-13 8:30,주간,금,1,1,0,0,0,제주,제주시,차대사람,횡단중,횡단중,운전자법규위반,과속,단일로,기타단일로,화물차,소형,보행자,보행자,884261,1484831,126.2561561,33.34879364
2015,2015-03-16 2:42,야간,월,1,2,1,0,0,제주,제주시,차량단독,공작물충돌,공작물충돌,운전자법규위반,안전운전 의무 불이행,교차로,교차로내,승용차,소형,없음,없음,906404,1500674,126.4924414,33.49382719
2015,2015-03-22 22:05,야간,일,1,1,0,0,0,제주,서귀포시,차대사람,횡단중,횡단중,운전자법규위반,보행자 보호의무 위반,교차로,교차로부근,화물차,경형,보행자,보행자,913213,1474396,126.568262,33.25740985
2015,2015-03-24 16:20,주간,화,1,1,0,0,0,제주,서귀포시,차대차,기타,기타,운전자법규위반,신호위반,교차로,교차로내,화물차,경형,화물차,소형,918318,1478333,126.622708,33.29331589
2015,2015-04-08 16:10,주간,수,1,1,0,0,0,제주,서귀포시,차대차,측면충돌,측면충돌,운전자법규위반,안전운전 의무 불이행,교차로,교차로내,승용차,중형,원동기장치자전거,원동기장치자전거,879344,1475882,126.2045188,33.2675545
2015,2015-04-10 2:40,야간,금,1,2,1,0,0,제주,서귀포시,차대차,추돌,주정차중 추돌,운전자법규위반,안전운전 의무 불이행,단일로,기타단일로,승용차,대형,건설기계,건설기계,905698,1473694,126.4876651,33.25044814
2015,2015-04-17 14:35,주간,금,2,2,0,0,0,제주,제주시,차대차,측면충돌,측면충돌,운전자법규위반,중앙선 침범,단일로,기타단일로,화물차,대형,이륜차,소형,880397,1478376,126.215493,33.29016193
2015,2015-05-05 1:00,야간,화,1,1,0,0,0,제주,제주시,차대사람,기타,기타,운전자법규위반,안전운전 의무 불이행,단일로,기타단일로,승합차,소형,보행자,보행자,906014,1500365,126.4882761,33.49100634
2015,2015-05-06 18:30,야간,수,1,1,0,0,0,제주,제주시,차량단독,공작물충돌,공작물충돌,운전자법규위반,안전운전 의무 불이행,단일로,기타단일로,승용차,중형,없음,없음,922355,1500581,126.664144,33.49426565
2015,2015-05-11 21:25,야간,월,1,1,0,0,0,제주,제주시,차량단독,전도전복,전도전복,운전자법규위반,안전운전 의무 불이행,단일로,기타단일로,승용차,소형,없음,없음,888429.4,1495365.1,126.2996396,33.44422884
2015,2015-05-16 10:15,주간,토,1,1,0,0,0,제주,제주시,차량단독,기타,기타,운전자법규위반,안전운전 의무 불이행,단일로,기타단일로,승용차,중형,없음,없음,896523,1500211,126.3861429,33.48874141
2015,2015-05-22 10:33,주간,금,1,1,0,0,0,제주,제주시,차대차,추돌,진행중 추돌,운전자법규위반,부당한 회전,단일로,횡단보도상,자전거,자전거,승용차,중형,910761,1502012,126.5392052,33.50626626
2015,2015-05-24 14:55,주간,일,1,1,0,0,0,제주,서귀포시,차량단독,공작물충돌,공작물충돌,운전자법규위반,안전운전 의무 불이행,단일로,기타단일로,이륜차,대형,없음,없음,916432,1481758,126.6021373,33.32406072
2015,2015-05-26 9:10,주간,화,1,4,0,3,0,제주,제주시,차대차,추돌,진행중 추돌,운전자법규위반,안전운전 의무 불이행,단일로,기타단일로,화물차,소형,화물차,소형,937351,1505048,126.8252538,33.5355373
2015,2015-06-05 20:42,야간,금,1,1,0,0,0,제주,제주시,차량단독,기타,기타,운전자법규위반,안전운전 의무 불이행,단일로,기타단일로,원동기장치자전거,원동기장치자전거,없음,없음,884402,1491705,126.2567892,33.41079646
2015,2015-06-15 21:50,야간,월,1,1,0,0,0,제주,제주시,차량단독,도로이탈,도로이탈 기타,운전자법규위반,안전운전 의무 불이행,단일로,기타단일로,이륜차,사발이,없음,없음,887028,1487791,126.2855163,33.37578066
2015,2015-06-21 11:25,주간,일,1,1,0,0,0,제주,서귀포시,차량단독,전도전복,전도전복,운전자법규위반,안전운전 의무 불이행,기타/불명,기타/불명,농기계,농기계,없음,없음,894413,1477821,126.3660588,33.28662129
2015,2015-06-22 14:20,주간,월,1,1,0,0,0,제주,제주시,차량단독,기타,기타,운전자법규위반,안전운전 의무 불이행,단일로,기타단일로,화물차,소형,없음,없음,905678,1497653,126.4849449,33.46651924
2015,2015-06-24 20:15,야간,수,1,1,0,0,0,제주,서귀포시,차량단독,기타,기타,운전자법규위반,안전운전 의무 불이행,단일로,기타단일로,승용차,중형,없음,없음,945301,1496067,126.9114215,33.45497295
2015,2015-06-29 2:45,야간,월,1,1,0,0,0,제주,제주시,차량단독,공작물충돌,공작물충돌,운전자법규위반,과속,단일로,기타단일로,승용차,중형,없음,없음,911853.6,1496357.8,126.5515232,33.45536486
2015,2015-06-29 10:30,주간,월,1,1,0,0,0,제주,서귀포시,차대사람,횡단중,횡단중,운전자법규위반,보행자 보호의무 위반,단일로,횡단보도상,승용차,소형,보행자,보행자,905783,1473695,126.4885773,33.25046459
2015,2015-07-07 12:05,주간,화,1,1,0,0,0,제주,제주시,차량단독,공작물충돌,공작물충돌,운전자법규위반,과속,단일로,기타단일로,승용차,소형,없음,없음,893025,1497738,126.3487909,33.46609611
2015,2015-07-08 12:50,주간,수,1,1,0,0,0,제주,제주시,차대사람,기타,기타,운전자법규위반,안전운전 의무 불이행,교차로,교차로내,화물차,소형,보행자,보행자,887872,1485719,126.2948455,33.35718412
2015,2015-07-18 20:40,야간,토,1,1,0,0,0,제주,제주시,차대사람,기타,기타,운전자법규위반,보행자 보호의무 위반,교차로,교차로내,승용차,중형,보행자,보행자,898061.4,1499541.5,126.4027761,33.48285158
2015,2015-07-20 15:15,주간,월,1,2,1,0,0,제주,서귀포시,차대차,측면충돌,측면충돌,운전자법규위반,신호위반,교차로,교차로내,승용차,경형,화물차,대형,896886,1480773,126.3922765,33.31348261
2015,2015-07-29 11:40,주간,수,1,2,0,0,1,제주,제주시,차대차,측면충돌,측면충돌,운전자법규위반,신호위반,교차로,교차로내,승용차,중형,이륜차,중형,907479.8,1501814.8,126.503903,33.50420887
2015,2015-07-31 11:30,주간,금,1,3,2,0,0,제주,서귀포시,차대사람,횡단중,횡단중,운전자법규위반,보행자 보호의무 위반,교차로,교차로부근,승용차,중형,보행자,보행자,913485,1473522,126.5712652,33.24954924
2015,2015-07-31 21:13,야간,금,1,2,1,0,0,제주,제주시,차대사람,횡단중,횡단중,운전자법규위반,보행자 보호의무 위반,단일로,횡단보도상,승용차,소형,보행자,보행자,909744.9,1501534.9,126.5283148,33.50187829
2015,2015-08-01 22:25,야간,토,1,1,0,0,0,제주,제주시,차량단독,공작물충돌,공작물충돌,운전자법규위반,안전운전 의무 불이행,단일로,기타단일로,이륜차,소형,없음,없음,945227,1499859,126.9103937,33.48917002
2015,2015-08-09 5:10,야간,일,2,2,0,0,0,제주,서귀포시,차대차,추돌,진행중 추돌,운전자법규위반,안전운전 의무 불이행,단일로,기타단일로,승합차,소형,농기계,농기계,918473,1475021,126.6246708,33.26345697
2015,2015-08-10 14:00,주간,월,1,1,0,0,0,제주,제주시,차대사람,횡단중,횡단중,운전자법규위반,안전운전 의무 불이행,단일로,기타단일로,화물차,소형,보행자,보행자,907307,1501852,126.502039,33.50452938
2015,2015-08-17 15:08,주간,월,1,4,1,2,0,제주,제주시,차대차,측면충돌,측면충돌,운전자법규위반,직진 및 우회전차의 통행방해,교차로,교차로내,승용차,중형,승합차,대형,890485,1497586,126.3214803,33.46446858
2015,2015-08-17 16:50,주간,월,1,1,0,0,0,제주,서귀포시,차대사람,횡단중,횡단중,운전자법규위반,안전운전 의무 불이행,단일로,기타단일로,승용차,중형,보행자,보행자,921118,1476408,126.6529458,33.27616299
2015,2015-08-27 10:30,주간,목,1,1,0,0,0,제주,서귀포시,차대사람,기타,기타,운전자법규위반,안전운전 의무 불이행,교차로,교차로부근,건설기계,건설기계,보행자,보행자,945412,1495160,126.912671,33.44679815
2015,2015-08-27 14:37,주간,목,1,5,4,0,0,제주,제주시,차대차,기타,기타,운전자법규위반,과속,교차로,교차로내,승용차,중형,승용차,중형,929311.2,1507195.4,126.7384995,33.5544022
2015,2015-08-27 23:30,야간,목,1,1,0,0,0,제주,서귀포시,차대차,추돌,주정차중 추돌,운전자법규위반,안전운전 의무 불이행,교차로,교차로부근,승용차,중형,화물차,대형,907362,1474312,126.5054627,33.25616578
2015,2015-08-30 19:34,야간,일,1,5,2,2,0,제주,제주시,차대차,추돌,진행중 추돌,운전자법규위반,안전운전 의무 불이행,단일로,기타단일로,승합차,소형,농기계,농기계,878866,1486582,126.1979538,33.3639891
2015,2015-09-01 10:30,주간,화,1,1,0,0,0,제주,제주시,차대사람,횡단중,횡단중,운전자법규위반,안전운전 의무 불이행,교차로,교차로내,승용차,소형,보행자,보행자,938459,1504557,126.8372203,33.53117341
2015,2015-09-02 0:30,야간,수,1,4,2,1,0,제주,서귀포시,차대차,기타,기타,운전자법규위반,과속,교차로,교차로내,승용차,중형,승용차,소형,937571.5,1482575.3,126.8291898,33.33286609
2015,2015-09-07 21:24,야간,월,1,1,0,0,0,제주,제주시,차대사람,횡단중,횡단중,운전자법규위반,안전운전 의무 불이행,단일로,기타단일로,승합차,대형,보행자,보행자,913662.2,1503408.8,126.5703027,33.51910151
2015,2015-09-11 19:40,야간,금,1,1,0,0,0,제주,제주시,차대차,추돌,진행중 추돌,운전자법규위반,안전운전 의무 불이행,단일로,기타단일로,승용차,중형,농기계,농기계,897218,1496321,126.3940686,33.45372837
2015,2015-09-14 2:45,야간,월,1,1,0,0,0,제주,제주시,차대차,추돌,진행중 추돌,운전자법규위반,안전거리 미확보,단일로,횡단보도부근,이륜차,소형,화물차,소형,909156.6,1501300.2,126.5220058,33.49971186
2015,2015-09-20 21:15,야간,일,1,1,0,0,0,제주,제주시,차대사람,횡단중,횡단중,운전자법규위반,보행자 보호의무 위반,단일로,횡단보도상,승용차,중형,보행자,보행자,916474.5,1503602.8,126.6005645,33.52107467
2015,2015-09-21 12:15,주간,월,1,1,0,0,0,제주,제주시,차대차,측면충돌,측면충돌,운전자법규위반,신호위반,교차로,교차로내,원동기장치자전거,원동기장치자전거,승합차,대형,905915.2,1499030,126.4873528,33.47895828
2015,2015-09-25 18:30,야간,금,1,1,0,0,0,제주,제주시,차대차,측면충돌,측면충돌,운전자법규위반,안전운전 의무 불이행,교차로,교차로내,화물차,소형,자전거,자전거,885753,1494034,126.2710199,33.43194338
2015,2015-09-25 20:45,야간,금,1,2,1,0,0,제주,서귀포시,차대사람,횡단중,횡단중,운전자법규위반,안전운전 의무 불이행,교차로,교차로내,승합차,소형,보행자,보행자,939090,1483457,126.8454461,33.34090545
2015,2015-09-27 10:02,주간,일,1,1,0,0,0,제주,서귀포시,차량단독,기타,기타,운전자법규위반,안전운전 의무 불이행,단일로,기타단일로,원동기장치자전거,원동기장치자전거,없음,없음,902574,1474004,126.4541003,33.25296639
2015,2015-10-01 19:30,야간,목,1,2,0,0,1,제주,서귀포시,차량단독,기타,기타,운전자법규위반,안전운전 의무 불이행,단일로,기타단일로,화물차,소형,없음,없음,889562,1472426,126.3146289,33.23748271
2015,2015-10-02 20:15,야간,금,1,1,0,0,0,제주,제주시,차대사람,기타,기타,운전자법규위반,안전운전 의무 불이행,기타/불명,기타/불명,승용차,중형,보행자,보행자,922449,1505472,126.664732,33.53838277
2015,2015-10-03 8:05,주간,토,1,2,1,0,0,제주,서귀포시,차대차,정면충돌,정면충돌,운전자법규위반,중앙선 침범,단일로,기타단일로,승용차,중형,화물차,소형,924139,1489988,126.6842421,33.39885743
2015,2015-10-03 11:55,주간,토,1,1,0,0,0,제주,제주시,차량단독,공작물충돌,공작물충돌,운전자법규위반,안전운전 의무 불이행,단일로,기타단일로,이륜차,소형,없음,없음,924767,1497524,126.6903637,33.46686767
2015,2015-10-05 18:00,야간,월,1,1,0,0,0,제주,서귀포시,차대사람,횡단중,횡단중,운전자법규위반,보행자 보호의무 위반,단일로,횡단보도상,승용차,중형,보행자,보행자,886616,1473822,126.28284,33.24976649
2015,2015-10-22 18:25,야간,목,1,1,0,0,0,제주,제주시,차대사람,횡단중,횡단중,운전자법규위반,안전운전 의무 불이행,교차로,교차로부근,화물차,소형,보행자,보행자,877833,1485527,126.1869957,33.35435872
2015,2015-11-06 19:15,야간,금,1,1,0,0,0,제주,제주시,차대사람,횡단중,횡단중,운전자법규위반,안전운전 의무 불이행,단일로,기타단일로,승용차,중형,보행자,보행자,885835,1491331,126.2722449,33.4075773
2015,2015-11-07 8:15,주간,토,1,1,0,0,0,제주,제주시,차대사람,기타,기타,운전자법규위반,보행자 보호의무 위반,교차로,교차로내,화물차,중형,보행자,보행자,901739.9,1500660.9,126.4422412,33.49329066
2015,2015-11-13 12:55,주간,금,1,1,0,0,0,제주,서귀포시,차대사람,기타,기타,운전자법규위반,안전운전 의무 불이행,단일로,기타단일로,승합차,소형,보행자,보행자,907818,1474582,126.5103301,33.25863987
2015,2015-11-14 6:05,주간,토,1,1,0,0,0,제주,제주시,차대사람,횡단중,횡단중,운전자법규위반,보행자 보호의무 위반,단일로,횡단보도상,승용차,중형,보행자,보행자,909931,1502762,126.5301946,33.5129604
2015,2015-11-18 10:20,주간,수,1,1,0,0,0,제주,제주시,차대차,정면충돌,정면충돌,운전자법규위반,안전운전 의무 불이행,단일로,기타단일로,화물차,대형,이륜차,소형,890962,1492328,126.3272506,33.41710145
2015,2015-11-23 9:17,주간,월,1,1,0,0,0,제주,제주시,차대사람,횡단중,횡단중,운전자법규위반,안전운전 의무 불이행,단일로,기타단일로,화물차,소형,보행자,보행자,913746,1498143,126.571712,33.47161881
2015,2015-11-24 22:00,야간,화,1,1,0,0,0,제주,제주시,차대차,기타,기타,운전자법규위반,안전운전 의무 불이행,단일로,기타단일로,승용차,대형,승용차,대형,899184,1499546,126.4148569,33.48299854
2015,2015-11-26 3:50,야간,목,1,1,0,0,0,제주,서귀포시,차량단독,공작물충돌,공작물충돌,운전자법규위반,안전운전 의무 불이행,단일로,기타단일로,승용차,중형,없음,없음,931181,1492198,126.7597922,33.41926418
2015,2015-12-11 13:30,주간,금,1,1,0,0,0,제주,제주시,차대사람,횡단중,횡단중,운전자법규위반,안전운전 의무 불이행,기타/불명,기타/불명,화물차,소형,보행자,보행자,889217,1495862,126.3080503,33.4487915
2015,2015-12-12 0:13,야간,토,1,1,0,0,0,제주,제주시,차대사람,기타,기타,운전자법규위반,안전운전 의무 불이행,단일로,기타단일로,화물차,소형,보행자,보행자,885137,1491751,126.2646864,33.41129023
2015,2015-12-13 5:30,야간,일,1,1,0,0,0,제주,제주시,차대사람,횡단중,횡단중,운전자법규위반,과속,교차로,교차로내,화물차,소형,보행자,보행자,937473,1505440,126.8265403,33.53907989
2015,2015-12-13 6:27,주간,일,1,1,0,0,0,제주,서귀포시,차대사람,횡단중,횡단중,운전자법규위반,안전운전 의무 불이행,교차로,교차로내,승용차,대형,보행자,보행자,883764,1471207,126.2525654,33.22588133
2015,2015-12-15 10:40,주간,화,1,2,1,0,0,제주,서귀포시,차대차,기타,기타,운전자법규위반,중앙선 침범,단일로,기타단일로,승용차,경형,화물차,소형,893271,1482353,126.3532616,33.32737894
2015,2015-12-16 7:25,주간,수,1,1,0,0,0,제주,제주시,차대차,기타,기타,운전자법규위반,안전운전 의무 불이행,교차로,교차로내,화물차,중형,화물차,중형,888972.7,1495582,126.3054569,33.44624124
2015,2015-12-16 18:25,야간,수,1,1,0,0,0,제주,제주시,차대사람,횡단중,횡단중,운전자법규위반,안전운전 의무 불이행,기타/불명,기타/불명,화물차,소형,보행자,보행자,884206,1484347,126.2556272,33.34442313
2015,2015-12-18 18:30,야간,금,1,1,0,0,0,제주,제주시,차대사람,횡단중,횡단중,운전자법규위반,안전운전 의무 불이행,교차로,교차로부근,승용차,중형,보행자,보행자,904435.1,1500704.4,126.471246,33.4939272
2015,2015-12-19 15:37,주간,토,1,1,0,0,0,제주,서귀포시,차대차,기타,기타,운전자법규위반,안전운전 의무 불이행,교차로,교차로내,승용차,대형,건설기계,건설기계,896886,1480772,126.3922766,33.31347359
2015,2015-12-28 11:18,주간,월,2,4,0,0,2,제주,서귀포시,차대차,기타,기타,운전자법규위반,안전운전 의무 불이행,교차로,교차로내,화물차,중형,승합차,대형,916244,1479163,126.600358,33.30064229
2016,2016-02-27 20:00,야간,토,1,1,0,0,0,제주,서귀포시,차대사람,횡단중,횡단중,운전자법규위반,안전운전 의무 불이행,단일로,기타단일로,승용차,소형,보행자,보행자,907294,1473619,126.5048036,33.24991002
2016,2016-03-22 14:00,주간,화,1,1,0,0,0,제주,서귀포시,차대차,기타,기타,운전자법규위반,안전운전 의무 불이행,단일로,기타단일로,승용차,중형,화물차,소형,917693,1473736,126.6160859,33.25141553
2016,2016-03-15 14:00,주간,화,1,2,1,0,0,제주,서귀포시,차대차,기타,기타,운전자법규위반,직진 및 우회전차의 통행방해,교차로,교차로내,화물차,대형,승용차,중형,937911,1491387,126.8321306,33.41235178
2016,2016-03-13 21:00,야간,일,1,1,0,0,0,제주,제주시,차대사람,횡단중,횡단중,운전자법규위반,안전운전 의무 불이행,단일로,기타단일로,승용차,경형,보행자,보행자,909266,1501305,126.523001,33.49976029
2016,2016-08-15 2:00,야간,월,1,1,0,0,0,제주,제주시,차대차,기타,기타,운전자법규위반,안전거리 미확보,교차로,교차로부근,이륜차,소형,이륜차,소형,904447,1500697,126.4713748,33.49386153
2016,2016-08-21 20:00,야간,일,1,1,0,0,0,제주,서귀포시,차대사람,횡단중,횡단중,운전자법규위반,안전운전 의무 불이행,단일로,기타단일로,승용차,대형,보행자,보행자,942052,1488017,126.8769009,33.38222658
2016,2016-08-02 2:00,야간,화,1,1,0,0,0,제주,제주시,차대사람,기타,기타,운전자법규위반,안전운전 의무 불이행,단일로,기타단일로,승용차,중형,보행자,보행자,885256,1492119,126.2659188,33.41456104
2016,2016-08-13 4:00,야간,토,1,1,0,0,0,제주,서귀포시,차대사람,횡단중,횡단중,운전자법규위반,안전운전 의무 불이행,교차로,교차로부근,화물차,소형,보행자,보행자,919953,1475252,126.6406246,33.26569147
2016,2016-07-05 1:00,야간,화,1,1,0,0,0,제주,제주시,차대사람,횡단중,횡단중,운전자법규위반,안전운전 의무 불이행,단일로,기타단일로,승용차,중형,보행자,보행자,907360,1501264,126.5026332,33.49927783
2016,2016-12-29 7:00,주간,목,1,1,0,0,0,제주,서귀포시,차대사람,횡단중,횡단중,운전자법규위반,보행자 보호의무 위반,단일로,기타단일로,화물차,소형,보행자,보행자,900562,1473966,126.4882424,33.25055837
2016,2016-04-29 17:00,주간,금,1,1,0,0,0,제주,서귀포시,차대사람,기타,기타,운전자법규위반,안전운전 의무 불이행,교차로,교차로내,승합차,대형,보행자,보행자,912707,1473965,126.5628717,33.25348192
2016,2016-04-09 5:00,야간,토,1,1,0,0,0,제주,제주시,차대사람,횡단중,횡단중,운전자법규위반,보행자 보호의무 위반,단일로,횡단보도상,승용차,경형,보행자,보행자,913531,1501457,126.5684246,33.50173722
2016,2016-07-12 2:00,야간,화,1,1,0,0,0,제주,서귀포시,차량단독,전도전복,전도전복,운전자법규위반,안전운전 의무 불이행,교차로,교차로부근,화물차,소형,,,913219,1475357,126.568352,33.26601695
2016,2016-12-18 20:00,야간,일,1,1,0,0,0,제주,제주시,차대차,기타,기타,운전자법규위반,안전거리 미확보,단일로,기타단일로,승합차,대형,이륜차,소형,904615,1499135,126.4733493,33.47979007
2016,2016-05-30 16:00,주간,월,1,1,0,0,0,제주,제주시,차대차,추돌,진행중 추돌,운전자법규위반,안전운전 의무 불이행,단일로,기타단일로,승용차,경형,이륜차,소형,922237,1505183,126.6636167,33.53698809
2016,2016-04-10 19:00,야간,일,1,1,0,0,0,제주,서귀포시,차대사람,횡단중,횡단중,운전자법규위반,과속,교차로,교차로부근,승용차,중형,보행자,보행자,910105,1473591,126.5348978,33.25001463
2016,2016-05-05 13:00,주간,목,1,1,0,0,0,제주,제주시,차대차,정면충돌,정면충돌,운전자법규위반,교차로 통행방법 위반,교차로,교차로내,자전거,자전거,화물차,소형,910113,1501140,126.5322959,33.49829638
2016,2016-04-18 17:00,주간,월,2,2,0,0,0,제주,제주시,차대차,정면충돌,정면충돌,운전자법규위반,과속,교차로,교차로내,이륜차,소형,이륜차,소형,934816,1506617,126.7976986,33.54952098
2016,2016-04-16 8:00,주간,토,1,2,0,1,0,제주,제주시,차대차,측면직각충돌,측면직각충돌,운전자법규위반,신호위반,교차로,교차로내,화물차,소형,화물차,소형,922428,1504555,126.6675573,33.53094199
2016,2016-04-11 20:00,야간,월,1,2,1,0,0,제주,서귀포시,차대사람,횡단중,횡단중,운전자법규위반,과속,단일로,횡단보도상,화물차,소형,보행자,보행자,888023,1473883,126.2979335,33.25046348
2016,2016-05-10 16:00,주간,화,1,1,0,0,0,제주,제주시,차량단독,공작물충돌,공작물충돌,운전자법규위반,안전운전 의무 불이행,단일로,기타단일로,승용차,대형,,,902604,1499165,126.4516723,33.47994862
2016,2016-06-18 16:00,주간,토,1,1,0,0,0,제주,서귀포시,차대차,측면직각충돌,측면직각충돌,운전자법규위반,직진 및 우회전차의 통행방해,교차로,교차로내,화물차,소형,이륜차,사발이,895920,1475304,126.3825296,33.26406892
2016,2016-06-29 8:00,주간,수,1,2,0,1,0,제주,제주시,차대차,정면충돌,정면충돌,운전자법규위반,안전운전 의무 불이행,단일로,기타단일로,승용차,경형,농기계,농기계,949227,1502090,126.9532696,33.50952246
2016,2016-12-14 21:00,야간,수,1,1,0,0,0,제주,서귀포시,차대사람,횡단중,횡단중,운전자법규위반,안전운전 의무 불이행,교차로,교차로부근,승용차,중형,보행자,보행자,945356,1495529,126.9120732,33.4502462
2016,2016-11-23 6:00,주간,수,2,3,0,1,0,제주,서귀포시,차대차,추돌,진행중 추돌,운전자법규위반,안전거리 미확보,단일로,기타단일로,승용차,중형,농기계,농기계,940049,1484440,126.8556859,33.34982532
2016,2016-12-05 10:00,주간,월,1,1,0,0,0,제주,서귀포시,차량단독,전도전복,전도전복,운전자법규위반,안전운전 의무 불이행,단일로,기타단일로,농기계,농기계,,,877180,1477003,126.1811373,33.27741897
2016,2016-04-23 5:00,야간,토,1,1,0,0,0,제주,서귀포시,차량단독,공작물충돌,공작물충돌,운전자법규위반,안전운전 의무 불이행,단일로,기타단일로,승용차,중형,,,935919,1486802,126.8111342,33.37089045
2016,2016-04-17 14:00,주간,일,1,1,0,0,0,제주,제주시,차량단독,전도전복,전도전복,운전자법규위반,안전운전 의무 불이행,단일로,기타단일로,승용차,경형,,,881807,1482078,126.230117,33.32368089
2016,2016-02-27 1:00,야간,토,1,1,0,0,0,제주,제주시,차대사람,기타,기타,운전자법규위반,안전운전 의무 불이행,단일로,기타단일로,승용차,대형,보행자,보행자,899134,1498410,126.4144466,33.47274931
2016,2016-08-24 5:00,야간,수,1,1,0,0,0,제주,서귀포시,차대사람,횡단중,횡단중,운전자법규위반,안전운전 의무 불이행,교차로,교차로내,승용차,소형,보행자,보행자,896125,1475321,126.3847556,33.26428914
2016,2016-08-27 5:00,야간,토,1,1,0,0,0,제주,제주시,차대사람,차도통행중,차도통행중,운전자법규위반,안전운전 의무 불이행,교차로,교차로내,승용차,소형,보행자,보행자,900032,1500524,126.4238604,33.49203837
2016,2016-09-13 9:00,주간,화,1,1,0,0,0,제주,제주시,차대차,측면직각충돌,측면직각충돌,운전자법규위반,차로위반(진로변경 위반),단일로,기타단일로,원동기장치자전거,원동기장치자전거,승용차,중형,910096,1502820,126.5319652,33.51349735
2016,2016-08-16 8:00,주간,화,1,1,0,0,0,제주,서귀포시,차량단독,전도전복,전도전복,운전자법규위반,안전운전 의무 불이행,단일로,기타단일로,승용차,중형,,,941248,1486510,126.8684364,33.36856147
2016,2016-07-29 10:00,주간,금,1,1,0,0,0,제주,서귀포시,차량단독,전도전복,전도전복,운전자법규위반,안전운전 의무 불이행,교차로,교차로내,농기계,농기계,,,888297,1477885,126.3003809,33.28658193
2016,2016-08-08 13:00,주간,월,1,2,1,0,0,제주,서귀포시,차량단독,전도전복,전도전복,운전자법규위반,안전운전 의무 불이행,단일로,기타단일로,화물차,소형,,,901947,1475892,126.447166,33.26993648
2016,2016-12-10 20:00,야간,토,1,1,0,0,0,제주,제주시,차대사람,기타,기타,운전자법규위반,안전운전 의무 불이행,단일로,기타단일로,승용차,중형,보행자,보행자,922934,1504049,126.6700779,33.52558435
2016,2016-08-22 20:00,야간,월,1,1,0,0,0,제주,제주시,차대사람,횡단중,횡단중,운전자법규위반,안전운전 의무 불이행,교차로,교차로부근,승합차,경형,보행자,보행자,909590,1502468,126.5264133,33.51026919
2016,2016-06-11 7:00,주간,토,1,1,0,0,0,제주,서귀포시,차대차,측면직각충돌,측면직각충돌,운전자법규위반,서행 및 일시정지위반,교차로,교차로내,이륜차,소형,화물차,소형,924514,1476832,126.6892295,33.28032215
2016,2016-02-20 18:00,야간,토,1,1,0,0,0,제주,제주시,차대사람,기타,기타,운전자법규위반,안전운전 의무 불이행,단일로,기타단일로,승용차,중형,보행자,보행자,909675,1503083,126.5275854,33.51568807
2016,2016-03-03 21:00,야간,목,1,2,1,0,0,제주,제주시,차대사람,횡단중,횡단중,운전자법규위반,보행자 보호의무 위반,단일로,횡단보도상,화물차,소형,보행자,보행자,910942,1501921,126.5411013,33.50557024
2016,2016-02-03 16:00,주간,수,1,1,0,0,0,제주,제주시,차대사람,횡단중,횡단중,운전자법규위반,안전운전 의무 불이행,단일로,기타단일로,화물차,소형,보행자,보행자,906215,1498770,126.4907353,33.47684383
2016,2016-01-02 23:00,야간,토,1,2,1,0,0,제주,제주시,차량단독,공작물충돌,공작물충돌,운전자법규위반,안전운전 의무 불이행,단일로,기타단일로,승용차,소형,,,890786,1497287,126.3247552,33.461803
2016,2016-01-17 22:00,야간,일,2,2,0,0,0,제주,서귀포시,차대차,추돌,진행중 추돌,운전자법규위반,안전운전 의무 불이행,단일로,기타단일로,승용차,중형,원동기장치자전거,원동기장치자전거,938831,1483093,126.7825481,33.40288768
2016,2016-09-14 4:00,야간,수,1,1,0,0,0,제주,제주시,차량단독,공작물충돌,공작물충돌,운전자법규위반,안전운전 의무 불이행,단일로,기타단일로,이륜차,소형,,,903134,1500427,126.4572257,33.49128376
2016,2016-10-05 14:00,주간,수,1,2,1,0,0,제주,제주시,차대차,측면직각충돌,측면직각충돌,운전자법규위반,직진 및 우회전차의 통행방해,교차로,교차로내,승용차,소형,화물차,소형,906340,1499552,126.4917865,33.48373669
2016,2016-10-07 9:00,주간,금,1,1,0,0,0,제주,제주시,차대사람,횡단중,횡단중,운전자법규위반,안전운전 의무 불이행,단일로,기타단일로,승합차,경형,보행자,보행자,908662,1502577,126.5164391,33.51122038
2016,2016-10-23 6:00,주간,일,1,1,0,0,0,제주,서귀포시,차대차,측면직각충돌,측면직각충돌,운전자법규위반,직진 및 우회전차의 통행방해,교차로,교차로내,화물차,소형,이륜차,소형,893231,1477278,126.3533672,33.28165069
2016,2016-10-25 18:00,야간,화,1,1,0,0,0,제주,서귀포시,차대사람,횡단중,횡단중,운전자법규위반,보행자 보호의무 위반,교차로,교차로내,승용차,경형,보행자,보행자,943955,1490831,126.8982257,33.40955478
2016,2016-10-27 18:00,야간,목,1,1,0,0,0,제주,서귀포시,차대사람,횡단중,횡단중,운전자법규위반,안전운전 의무 불이행,단일로,기타단일로,승용차,경형,보행자,보행자,927640,1477234,126.7229087,33.28407025
2016,2016-10-27 15:00,주간,목,1,2,0,1,0,제주,제주시,차대차,추돌,진행중 추돌,운전자법규위반,안전운전 의무 불이행,단일로,기타단일로,화물차,중형,승용차,경형,905984,1495364,126.4883052,33.44617603
2016,2016-09-14 1:00,야간,수,1,1,0,0,0,제주,제주시,차대사람,기타,기타,운전자법규위반,안전운전 의무 불이행,단일로,기타단일로,화물차,소형,보행자,보행자,907456,1497397,126.498706,33.46467671
2016,2016-10-21 8:00,주간,금,1,1,0,0,0,제주,서귀포시,차량단독,전도전복,전도전복,운전자법규위반,안전운전 의무 불이행,단일로,기타단일로,승용차,경형,,,917656,1484501,126.6150366,33.34889367
2016,2016-10-24 6:00,주간,월,1,1,0,0,0,제주,제주시,차대차,정면충돌,정면충돌,운전자법규위반,신호위반,교차로,교차로내,승용차,중형,이륜차,소형,914677,1503642,126.5812767,33.52129297
2016,2016-10-02 17:00,주간,일,1,1,0,0,0,제주,제주시,차대차,정면충돌,정면충돌,운전자법규위반,안전운전 의무 불이행,단일로,기타단일로,이륜차,소형,화물차,소형,940414,1502652,126.8582859,33.51406903
2016,2016-09-26 14:00,주간,월,1,2,1,0,0,제주,서귀포시,차대차,정면충돌,정면충돌,운전자법규위반,중앙선 침범,단일로,기타단일로,승용차,경형,화물차,소형,900189,1478580,126.4091373,33.29528749
2016,2016-08-15 19:00,야간,월,1,2,0,1,0,제주,제주시,차대차,측면직각충돌,측면직각충돌,운전자법규위반,직진 및 우회전차의 통행방해,교차로,교차로내,승용차,경형,승용차,중형,903058,1500612,126.4564336,33.49296997
2016,2016-12-22 12:00,주간,목,1,1,0,0,0,제주,서귀포시,차대사람,횡단중,횡단중,운전자법규위반,안전운전 의무 불이행,교차로,교차로부근,승용차,경형,보행자,보행자,913152,1474014,126.5676334,33.25372426
2016,2016-12-25 0:00,야간,일,1,1,0,0,0,제주,제주시,차대차,측면직각충돌,측면직각충돌,운전자법규위반,신호위반,단일로,횡단보도상,승용차,경형,자전거,자전거,910867,1499930,126.5405378,33.48745451
2016,2016-11-28 6:00,주간,월,1,1,0,0,0,제주,서귀포시,차대사람,횡단중,횡단중,운전자법규위반,보행자 보호의무 위반,단일로,기타단일로,승용차,소형,보행자,보행자,885988,1473533,126.2755243,33.24647932
2016,2016-12-24 7:00,주간,토,1,1,0,0,0,제주,제주시,차대사람,횡단중,횡단중,운전자법규위반,안전운전 의무 불이행,단일로,기타단일로,화물차,소형,보행자,보행자,909995,1502762,126.5307652,33.51296576
2016,2016-10-17 3:00,야간,월,1,1,0,0,0,제주,제주시,차대사람,횡단중,횡단중,운전자법규위반,안전운전 의무 불이행,단일로,횡단보도상,승용차,중형,보행자,보행자,905833,1500262,126.4861834,33.48999894
2016,2016-02-01 14:00,주간,월,1,1,0,0,0,제주,제주시,차대사람,횡단중,횡단중,운전자법규위반,안전운전 의무 불이행,단일로,기타단일로,화물차,소형,보행자,보행자,908517,1501836,126.515055,33.50443332
2016,2016-12-03 18:00,야간,토,1,1,0,0,0,제주,제주시,차대사람,횡단중,횡단중,운전자법규위반,보행자 보호의무 위반,단일로,기타단일로,화물차,소형,보행자,보행자,908676,1503173,126.516577,33.51673666
2016,2016-12-29 2:00,야간,목,1,1,0,0,0,제주,제주시,차대사람,횡단중,횡단중,운전자법규위반,안전운전 의무 불이행,교차로,교차로부근,승용차,경형,보행자,보행자,910168,1500744,126.5334263,33.49471017
2016,2016-12-29 20:00,야간,목,1,1,0,0,0,제주,제주시,차대사람,횡단중,횡단중,운전자법규위반,안전운전 의무 불이행,단일로,기타단일로,승용차,소형,보행자,보행자,896605,1496214,126.3874595,33.45285031
2016,2016-06-26 10:00,주간,일,1,1,0,0,0,제주,서귀포시,차대차,기타,기타,운전자법규위반,기타(운전자법규위반),단일로,기타단일로,화물차,대형,건설기계,건설기계,892216,1479822,126.3422301,33.30444904
2016,2016-11-03 5:00,야간,목,1,1,0,0,0,제주,서귀포시,차대사람,횡단중,횡단중,운전자법규위반,안전운전 의무 불이행,교차로,교차로부근,승용차,중형,보행자,보행자,926292,1477018,126.7085744,33.28204419
2016,2016-10-14 14:00,주간,금,1,2,0,1,0,제주,제주시,차량단독,공작물충돌,공작물충돌,운전자법규위반,안전운전 의무 불이행,단일로,기타단일로,원동기장치자전거,원동기장치자전거,,,903403,1500862,126.4601947,33.49522028
2016,2016-10-06 18:00,야간,목,1,1,0,0,0,제주,서귀포시,차대사람,횡단중,횡단중,운전자법규위반,안전운전 의무 불이행,단일로,기타단일로,승용차,경형,보행자,보행자,944194,1495001,126.8995767,33.44530133
2016,2016-11-13 21:00,야간,일,1,1,0,0,0,제주,제주시,차대사람,횡단중,횡단중,운전자법규위반,과속,단일로,기타단일로,승용차,경형,보행자,보행자,915648,1500381,126.591872,33.49195861
2016,2016-11-20 23:00,야간,일,1,1,0,0,0,제주,서귀포시,차량단독,공작물충돌,공작물충돌,운전자법규위반,중앙선 침범,단일로,기타단일로,승용차,중형,,,935259,1480042,126.8024802,33.31581617
2016,2016-09-22 20:00,야간,목,1,1,0,0,0,제주,제주시,차대사람,횡단중,횡단중,운전자법규위반,과속,단일로,기타단일로,승용차,경형,보행자,보행자,918838,1504703,126.6259132,33.53117908
2016,2016-10-14 20:00,야간,금,1,1,0,0,0,제주,제주시,차대사람,차도통행중,차도통행중,운전자법규위반,안전운전 의무 불이행,단일로,기타단일로,승용차,경형,보행자,보행자,915827,1503695,126.5935303,33.52153568
2016,2016-10-29 12:00,주간,토,1,1,0,0,0,제주,제주시,차대차,정면충돌,정면충돌,운전자법규위반,과속,교차로,교차로내,승용차,중형,원동기장치자전거,원동기장치자전거,938135,1504873,126.8337093,33.53400469
2016,2016-11-03 3:00,야간,목,1,1,0,0,0,제주,서귀포시,차대차,추돌,진행중 추돌,운전자법규위반,안전운전 의무 불이행,단일로,기타단일로,승용차,경형,승용차,대형,914617,1474990,126.5834223,33.26340867
2016,2016-12-19 6:00,주간,월,1,1,0,0,0,제주,제주시,차대사람,횡단중,횡단중,운전자법규위반,안전운전 의무 불이행,단일로,기타단일로,승용차,중형,보행자,보행자,908488,1502037,126.5145887,33.50634437
2016,2016-02-12 14:00,주간,금,1,1,0,0,0,제주,서귀포시,차대차,기타,기타,운전자법규위반,직진 및 우회전차의 통행방해,교차로,교차로내,승합차,대형,이륜차,사발이,935437,1488733,126.8056793,33.38826511
2017,2017-01-01 18:00,야간,일,1,3,1,1,0,제주,서귀포시,차대차,측면충돌,측면충돌,운전자법규위반,안전운전 의무 불이행,단일로,기타단일로,승용차,승용차,화물차,화물차,922514,1476665,126.667913,33.27858211
2017,2017-01-02 7:00,주간,월,1,1,0,0,0,제주,제주시,차대사람,횡단중,횡단중,운전자법규위반,보행자 보호의무 위반,단일로,기타단일로,화물차,화물차,보행자,보행자,910531,1502842,126.5364027,33.51384762
2017,2017-01-03 12:00,주간,화,1,1,0,0,0,제주,제주시,차대사람,횡단중,횡단중,운전자법규위반,안전운전 의무 불이행,단일로,기타단일로,화물차,화물차,보행자,보행자,941187,1502690,126.8665375,33.51415119
2017,2017-01-03 18:00,야간,화,1,1,0,0,0,제주,제주시,차대사람,횡단중,횡단중,운전자법규위반,안전운전 의무 불이행,단일로,기타단일로,화물차,화물차,보행자,보행자,911850,1496102,126.5514142,33.45292523
2017,2017-01-05 18:00,야간,목,1,1,0,0,0,제주,제주시,차량단독,전도전복,전도전복,운전자법규위반,안전운전 의무 불이행,단일로,기타단일로,승용차,승용차,없음,없음,894749,1487160,126.3685785,33.37087456
2017,2017-01-07 19:00,야간,토,1,1,0,0,0,제주,제주시,차량단독,전도전복,전도전복,운전자법규위반,안전운전 의무 불이행,교차로,교차로내,화물차,화물차,없음,없음,916239,1503558,126.598033,33.52065221
2017,2017-01-16 8:00,주간,월,1,2,1,0,0,제주,서귀포시,차대차,정면충돌,정면충돌,운전자법규위반,안전운전 의무 불이행,단일로,기타단일로,승합차,승합차,이륜차,이륜차,881332,1473256,126.226203,33.24409439
2017,2017-01-16 10:00,주간,월,1,2,1,0,0,제주,제주시,차대차,추돌,추돌,운전자법규위반,안전운전 의무 불이행,단일로,기타단일로,화물차,화물차,승용차,승용차,917562,1499530,126.6126488,33.48442835
2017,2017-01-22 19:00,야간,일,1,1,0,0,0,제주,제주시,차대사람,보도통행중,보도통행중,운전자법규위반,보행자 보호의무 위반,교차로,교차로횡단보도내,승용차,승용차,보행자,보행자,905031,1499986,126.4777361,33.4875016
2017,2017-01-24 15:00,주간,화,1,1,0,0,0,제주,제주시,차대차,측면충돌,측면충돌,운전자법규위반,안전운전 의무 불이행,기타,기타,이륜차,이륜차,화물차,화물차,889732,1497118,126.3134361,33.46017097
2017,2017-01-24 19:00,야간,화,1,1,0,0,0,제주,제주시,차대사람,횡단중,횡단중,운전자법규위반,보행자 보호의무 위반,교차로,교차로부근,승용차,승용차,보행자,보행자,937883,1505102,126.8337532,33.53375689
2017,2017-02-02 16:00,주간,목,1,2,1,0,0,제주,서귀포시,차대차,정면충돌,정면충돌,운전자법규위반,중앙선 침범,기타,기타,승용차,승용차,승용차,승용차,939169,1494242,126.8455665,33.43818225
2017,2017-02-02 18:00,야간,목,1,1,0,0,0,제주,제주시,차량단독,전도전복,전도전복,운전자법규위반,안전운전 의무 불이행,단일로,기타단일로,승용차,승용차,없음,없음,895748,1494362,126.3784814,33.43592003
2017,2017-02-02 18:00,야간,목,1,1,0,0,0,제주,제주시,차량단독,전도,전도,운전자법규위반,안전운전 의무 불이행,단일로,기타단일로,화물차,화물차,없음,없음,882862,1488740,126.2406164,33.38389218
2017,2017-02-04 18:00,야간,토,1,1,0,0,0,제주,서귀포시,차대사람,횡단중,횡단중,운전자법규위반,안전운전 의무 불이행,교차로,교차로부근,승용차,승용차,보행자,보행자,909365,1474431,126.5269517,33.25740912
2017,2017-02-06 18:00,야간,월,1,1,0,0,0,제주,제주시,차대사람,횡단중,횡단중,운전자법규위반,중앙선 침범,단일로,기타단일로,승용차,승용차,보행자,보행자,915496,1500033,126.5903657,33.48880346
2017,2017-02-07 6:00,주간,화,1,1,0,0,0,제주,제주시,차대사람,횡단중,횡단중,운전자법규위반,신호위반,단일로,기타단일로,승용차,승용차,보행자,보행자,909536,1502779,126.5259404,33.51308034
2017,2017-02-19 0:00,야간,일,2,2,0,0,0,제주,제주시,차대사람,횡단중,횡단중,운전자법규위반,안전운전 의무 불이행,단일로,기타단일로,승용차,승용차,보행자,보행자,910758,1502026,126.5391715,33.50639227
2017,2017-02-19 19:00,야간,일,1,1,0,0,0,제주,제주시,차대차,추돌,추돌,운전자법규위반,안전운전 의무 불이행,단일로,기타단일로,승용차,승용차,사륜오토바이(ATV),사륜오토바이(ATV),885370,1490777,126.2673158,33.40253192
2017,2017-02-24 11:00,주간,금,1,1,0,0,0,제주,서귀포시,차량단독,전도전복,전도전복,운전자법규위반,안전운전 의무 불이행,단일로,기타단일로,화물차,화물차,없음,없음,902522,1477376,126.4531794,33.28337201
2017,2017-02-28 12:00,주간,화,1,2,1,0,0,제주,제주시,차대차,측면충돌,측면충돌,운전자법규위반,교차로 통행방법 위반,교차로,교차로내,이륜차,이륜차,승용차,승용차,913400,1503950,126.5674273,33.52396105
2017,2017-03-02 18:00,야간,목,1,4,1,2,0,제주,제주시,차대차,추돌,추돌,운전자법규위반,안전운전 의무 불이행,단일로,기타단일로,화물차,화물차,승용차,승용차,913042,1500673,126.5638908,33.49437857
2017,2017-03-16 19:00,야간,목,1,1,0,0,0,제주,서귀포시,차대사람,횡단중,횡단중,운전자법규위반,안전운전 의무 불이행,단일로,기타단일로,승용차,승용차,보행자,보행자,920059,1475318,126.6416712,33.26625431
2017,2017-03-25 2:00,야간,토,1,1,0,0,0,제주,서귀포시,차대사람,기타,기타,운전자법규위반,안전운전 의무 불이행,단일로,기타단일로,승용차,승용차,보행자,보행자,893245,1482200,126.3530004,33.32599659
2017,2017-04-24 8:00,주간,월,2,2,0,0,0,제주,서귀포시,차량단독,전도,전도,운전자법규위반,안전운전 의무 불이행,단일로,기타단일로,승용차,승용차,없음,없음,905812,1478088,126.4884319,33.29008572
2017,2017-04-26 11:00,주간,수,1,1,0,0,0,제주,제주시,차대차,기타,기타,운전자법규위반,안전거리 미확보,단일로,기타단일로,승용차,승용차,화물차,화물차,900866,1495295,126.4334282,33.44481963
2017,2017-04-30 1:00,야간,일,1,1,0,0,0,제주,서귀포시,차대사람,기타,기타,운전자법규위반,안전운전 의무 불이행,교차로,교차로부근,승용차,승용차,보행자,보행자,912423,1473749,126.5598441,33.25151085
2017,2017-05-06 18:00,야간,토,1,3,0,2,0,제주,제주시,차대차,기타,기타,운전자법규위반,중앙선 침범,단일로,기타단일로,승용차,승용차,승용차,승용차,908953,1500921,126.5198527,33.49627478
2017,2017-05-08 0:00,야간,월,1,1,0,0,0,제주,제주시,차량단독,전도,전도,운전자법규위반,안전운전 의무 불이행,교차로,교차로부근,이륜차,이륜차,없음,없음,895567,1498602,126.3760413,33.47413863
2017,2017-05-13 1:00,야간,토,1,1,0,0,0,제주,제주시,차대사람,횡단중,횡단중,운전자법규위반,보행자 보호의무 위반,단일로,기타단일로,승용차,승용차,보행자,보행자,913807,1503497,126.5718533,33.51990862
2017,2017-05-19 13:00,주간,금,1,2,1,0,0,제주,서귀포시,차량단독,전도,전도,운전자법규위반,안전운전 의무 불이행,단일로,기타단일로,사륜오토바이(ATV),사륜오토바이(ATV),없음,없음,916168,1479350,126.5995245,33.3023229
2017,2017-05-21 7:00,주간,일,1,1,0,0,0,제주,제주시,차량단독,전도전복,전도전복,운전자법규위반,안전운전 의무 불이행,단일로,기타단일로,자전거,자전거,없음,없음,927869,1493960,126.7240301,33.43493786
2017,2017-06-02 20:00,야간,금,1,3,0,2,0,제주,제주시,차대차,정면충돌,정면충돌,운전자법규위반,중앙선 침범,단일로,기타단일로,화물차,화물차,승용차,승용차,886686,1481129,126.2826768,33.31566783
2017,2017-06-03 6:00,주간,토,1,1,0,0,0,제주,서귀포시,차대차,기타,기타,운전자법규위반,안전운전 의무 불이행,단일로,기타단일로,이륜차,이륜차,승용차,승용차,946960,1496741,126.9292323,33.46113539
2017,2017-06-05 8:00,주간,월,1,1,0,0,0,제주,서귀포시,차량단독,전도전복,전도전복,운전자법규위반,안전운전 의무 불이행,단일로,기타단일로,화물차,화물차,없음,없음,902669,1480038,126.4544714,33.30739239
2017,2017-06-09 10:00,주간,금,1,2,1,0,0,제주,제주시,차대차,측면충돌,측면충돌,운전자법규위반,안전운전 의무 불이행,교차로,교차로부근,이륜차,이륜차,화물차,화물차,885923,1492773,126.2730082,33.42059019
2017,2017-06-12 2:00,야간,월,1,2,0,1,0,제주,서귀포시,차대사람,기타,기타,운전자법규위반,과속,단일로,기타단일로,승용차,승용차,보행자,보행자,890180,1477410,126.320657,33.28249187
2017,2017-06-14 16:00,주간,수,1,1,0,0,0,제주,제주시,차량단독,전도전복,전도전복,운전자법규위반,안전운전 의무 불이행,단일로,기타단일로,농기계,농기계,없음,없음,930112,1506207,126.7472028,33.54554078
2017,2017-06-20 6:00,주간,화,1,1,0,0,0,제주,제주시,차대차,측면충돌,측면충돌,운전자법규위반,안전운전 의무 불이행,교차로,교차로내,농기계,농기계,승용차,승용차,929429,1507089,126.7397768,33.5534504
2017,2017-06-22 6:00,주간,목,1,1,0,0,0,제주,서귀포시,차대차,측면충돌,측면충돌,운전자법규위반,교차로 통행방법 위반,교차로,교차로내,화물차,화물차,이륜차,이륜차,912706,1473963,126.5628612,33.25346381
2017,2017-07-03 9:00,주간,월,1,1,0,0,0,제주,서귀포시,차대사람,횡단중,횡단중,운전자법규위반,기타(운전자법규위반),기타,기타,승용차,승용차,보행자,보행자,883717,1470878,126.2521033,33.22290938
2017,2017-07-13 10:00,주간,목,1,1,0,0,0,제주,서귀포시,차대사람,차도통행중,차도통행중,운전자법규위반,안전운전 의무 불이행,단일로,기타단일로,승용차,승용차,보행자,보행자,945335,1495754,126.9118064,33.45215166
2017,2017-07-17 9:00,주간,월,1,1,0,0,0,제주,제주시,차량단독,전도,전도,운전자법규위반,안전운전 의무 불이행,단일로,기타단일로,농기계,농기계,없음,없음,931276,1506465,126.7597201,33.54794322
2017,2017-07-23 0:00,야간,일,1,1,0,0,0,제주,서귀포시,차대사람,횡단중,횡단중,운전자법규위반,안전운전 의무 불이행,교차로,교차로내,승용차,승용차,보행자,보행자,944341,1498189,126.9009605,33.47406224
2017,2017-07-26 17:00,주간,수,1,2,1,0,0,제주,서귀포시,차대차,측면충돌,측면충돌,운전자법규위반,안전운전 의무 불이행,단일로,기타단일로,화물차,화물차,승용차,승용차,923097,1482352,126.6736894,33.32991489
2017,2017-07-30 6:00,주간,일,1,1,0,0,0,제주,제주시,차대사람,횡단중,횡단중,운전자법규위반,안전운전 의무 불이행,단일로,기타단일로,화물차,화물차,보행자,보행자,880615,1487789,126.2165895,33.37506903
2017,2017-07-31 10:00,주간,월,1,1,0,0,0,제주,제주시,차대차,측면충돌,측면충돌,운전자법규위반,교차로 통행방법 위반,교차로,교차로내,승용차,승용차,이륜차,이륜차,909255,1502302,126.5229635,33.50875478
2017,2017-08-10 14:00,주간,목,1,4,0,3,0,제주,제주시,차대차,기타,기타,운전자법규위반,중앙선 침범,단일로,기타단일로,승용차,승용차,화물차,화물차,912070,1502271,126.5532715,33.50871051
2017,2017-08-12 5:00,야간,토,1,1,0,0,0,제주,제주시,차대사람,횡단중,횡단중,운전자법규위반,안전운전 의무 불이행,단일로,기타단일로,승용차,승용차,보행자,보행자,910451,1500482,126.536021,33.49244222
2017,2017-08-21 21:00,야간,월,1,1,0,0,0,제주,서귀포시,차대사람,기타,기타,운전자법규위반,보행자 보호의무 위반,단일로,기타단일로,승용차,승용차,보행자,보행자,900595,1474396,126.4328153,33.25632114
2017,2017-08-23 1:00,야간,수,1,3,0,2,0,제주,제주시,차대차,측면충돌,측면충돌,운전자법규위반,신호위반,교차로,교차로내,승용차,승용차,화물차,화물차,905675,1497374,126.484942,33.46400287
2017,2017-08-23 15:00,주간,수,1,2,1,0,0,제주,제주시,차대사람,보도통행중,보도통행중,운전자법규위반,과속,교차로,교차로내,승용차,승용차,보행자,보행자,889241,1496249,126.3082608,33.45228386
2017,2017-08-24 19:00,야간,목,1,3,1,1,0,제주,제주시,차대차,기타,기타,운전자법규위반,안전운전 의무 불이행,단일로,기타단일로,승용차,승용차,화물차,화물차,877240,1481088,126.1812272,33.31426251
2017,2017-08-26 20:00,야간,토,1,1,0,0,0,제주,제주시,차대사람,차도통행중,차도통행중,운전자법규위반,안전운전 의무 불이행,기타,기타,승용차,승용차,보행자,보행자,886721,1494680,126.2813494,33.43787155
2017,2017-09-01 11:00,주간,금,1,1,0,0,0,제주,제주시,차대사람,기타,기타,운전자법규위반,안전운전 의무 불이행,단일로,기타단일로,승용차,승용차,보행자,보행자,909751,1500859,126.5284486,33.4957833
2017,2017-09-02 19:00,야간,토,1,2,1,0,0,제주,제주시,차대사람,횡단중,횡단중,운전자법규위반,안전운전 의무 불이행,단일로,기타단일로,이륜차,이륜차,보행자,보행자,908305,1501532,126.5128151,33.5017296
2017,2017-09-09 0:00,야간,토,1,1,0,0,0,제주,서귀포시,차량단독,공작물충돌,공작물충돌,운전자법규위반,안전운전 의무 불이행,단일로,기타단일로,이륜차,이륜차,없음,없음,944899,1497493,126.9070085,33.46781375
2017,2017-09-18 19:00,야간,월,1,1,0,0,0,제주,서귀포시,차대차,기타,기타,운전자법규위반,과속,단일로,기타단일로,승용차,승용차,승용차,승용차,923400,1476708,126.6774228,33.27903324
2017,2017-09-23 19:00,야간,토,1,1,0,0,0,제주,서귀포시,차대차,측면충돌,측면충돌,운전자법규위반,과속,단일로,기타단일로,특수차,특수차,이륜차,이륜차,944527,1490405,126.9034429,33.40386606
2017,2017-09-26 14:00,주간,화,1,1,0,0,0,제주,서귀포시,차대차,기타,기타,운전자법규위반,안전거리 미확보,단일로,기타단일로,이륜차,이륜차,승용차,승용차,911937,1473834,126.5546191,33.2522379
2017,2017-10-06 5:00,야간,금,1,1,0,0,0,제주,제주시,차대사람,횡단중,횡단중,운전자법규위반,과속,단일로,기타단일로,승용차,승용차,보행자,보행자,913539,1503407,126.5689764,33.51907531
2017,2017-10-10 10:00,주간,화,1,1,0,0,0,제주,제주시,차대차,기타,기타,운전자법규위반,신호위반,교차로,교차로내,이륜차,이륜차,승용차,승용차,877685,1479794,126.1861817,33.30264444
2017,2017-10-14 19:00,야간,토,1,2,0,1,0,제주,제주시,차대사람,횡단중,횡단중,운전자법규위반,보행자 보호의무 위반,단일로,기타단일로,승용차,승용차,보행자,보행자,907371,1502950,126.5026143,33.51443698
2017,2017-10-20 22:00,야간,금,1,1,0,0,0,제주,서귀포시,차대사람,횡단중,횡단중,운전자법규위반,안전운전 의무 불이행,단일로,기타단일로,승용차,승용차,보행자,보행자,904232,1473969,126.4719007,33.25279915
2017,2017-10-22 16:00,주간,일,1,2,0,1,0,제주,제주시,차량단독,공작물충돌,공작물충돌,운전자법규위반,안전운전 의무 불이행,단일로,기타단일로,승용차,승용차,없음,없음,895940,1496917,126.3802505,33.45897968
2017,2017-10-31 14:00,주간,화,1,1,0,0,0,제주,서귀포시,차대사람,횡단중,횡단중,운전자법규위반,안전운전 의무 불이행,교차로,교차로내,화물차,화물차,보행자,보행자,944793,1494960,126.9060236,33.44496258
2017,2017-11-02 7:00,주간,목,1,1,0,0,0,제주,제주시,차대차,추돌,추돌,운전자법규위반,안전운전 의무 불이행,단일로,기타단일로,승용차,승용차,농기계,농기계,941514,1503307,126.8702018,33.52007128
2017,2017-11-15 23:00,야간,수,1,1,0,0,0,제주,서귀포시,차대사람,횡단중,횡단중,운전자법규위반,안전운전 의무 불이행,단일로,기타단일로,승용차,승용차,보행자,보행자,912182,1475151,126.5571214,33.2641356
2017,2017-11-20 15:00,주간,월,1,2,1,0,0,제주,서귀포시,차량단독,기타,기타,운전자법규위반,안전운전 의무 불이행,교차로,교차로내,승용차,승용차,없음,없음,923029,1476260,126.6734772,33.27496629
2017,2017-11-25 18:00,야간,토,1,1,0,0,0,제주,제주시,차대사람,횡단중,횡단중,운전자법규위반,안전운전 의무 불이행,단일로,기타단일로,승용차,승용차,보행자,보행자,877733,1484873,126.1860098,33.34844991
2017,2017-11-27 1:00,야간,월,1,1,0,0,0,제주,서귀포시,차대사람,차도통행중,차도통행중,운전자법규위반,안전운전 의무 불이행,단일로,기타단일로,승용차,승용차,보행자,보행자,913486,1474130,126.5712179,33.25503277
2017,2017-12-02 7:00,주간,토,1,1,0,0,0,제주,제주시,차대사람,차도통행중,차도통행중,운전자법규위반,안전운전 의무 불이행,단일로,기타단일로,화물차,화물차,보행자,보행자,879492,1486992,126.2046262,33.36775667
2017,2017-12-02 18:00,야간,토,1,2,1,0,0,제주,제주시,차대차,추돌,추돌,운전자법규위반,안전운전 의무 불이행,기타,기타,이륜차,이륜차,승용차,승용차,883205,1490189,126.2441154,33.3969961
2017,2017-12-03 17:00,주간,일,1,1,0,0,0,제주,제주시,차대사람,횡단중,횡단중,운전자법규위반,안전운전 의무 불이행,교차로,교차로부근,승용차,승용차,보행자,보행자,876713,1479551,126.1757767,33.30034237
2017,2017-12-13 23:00,야간,수,1,1,0,0,0,제주,서귀포시,차대차,기타,기타,운전자법규위반,안전운전 의무 불이행,단일로,기타단일로,승용차,승용차,승용차,승용차,914165,1474144,126.5785053,33.25521326
2017,2017-12-14 18:00,야간,목,1,1,0,0,0,제주,서귀포시,차대사람,차도통행중,차도통행중,운전자법규위반,안전운전 의무 불이행,단일로,기타단일로,승용차,승용차,보행자,보행자,932071,1485015,126.7699059,33.35453686
2017,2017-12-16 6:00,주간,토,1,1,0,0,0,제주,제주시,차대사람,횡단중,횡단중,운전자법규위반,안전운전 의무 불이행,교차로,교차로부근,승용차,승용차,보행자,보행자,907885,1501946,126.5082514,33.50542706
2017,2017-12-31 7:00,주간,일,1,1,0,0,0,제주,제주시,차대사람,기타,기타,운전자법규위반,안전운전 의무 불이행,단일로,기타단일로,승용차,승용차,보행자,보행자,893031,1497750,126.348854,33.46620493
2018,2018-11-11 3:00,야간,일,1,1,0,0,0,제주,제주시,차대사람,횡단중,횡단중,운전자법규위반,안전운전 의무 불이행,단일로,기타단일로,승용차,승용차,보행자,보행자,909612,1501366,126.5269012,33.50034386
2018,2018-11-11 2:13,야간,일,1,1,0,0,0,제주,제주시,차량단독,공작물충돌,공작물충돌,운전자법규위반,안전운전 의무 불이행,단일로,기타단일로,승용차,승용차,없음,없음,938168,1504826,126.8340679,33.53358271
2018,2018-10-03 3:05,야간,수,1,1,0,0,0,제주,제주시,차대사람,횡단중,횡단중,운전자법규위반,안전운전 의무 불이행,단일로,기타단일로,승용차,승용차,보행자,보행자,909483,1500459,126.5256042,33.49215331
2018,2018-01-02 6:05,주간,화,1,1,0,0,0,제주,서귀포시,차대사람,횡단중,횡단중,운전자법규위반,안전운전 의무 불이행,교차로,교차로부근,승용차,승용차,보행자,보행자,918096,1474862,126.6206378,33.2619944
2018,2018-03-10 6:12,주간,토,1,1,0,0,0,제주,서귀포시,차대사람,횡단중,횡단중,운전자법규위반,안전운전 의무 불이행,교차로,교차로내,승용차,승용차,보행자,보행자,945366,1495846,126.9121344,33.45298301
2018,2018-03-03 20:57,야간,토,1,1,0,0,0,제주,서귀포시,차대사람,횡단중,횡단중,운전자법규위반,보행자 보호의무 위반,기타,기타,승용차,승용차,보행자,보행자,886493,1473772,126.2815261,33.24930266
2018,2018-06-17 10:10,주간,일,1,1,0,0,0,제주,서귀포시,차대차,측면충돌,측면충돌,운전자법규위반,중앙선 침범,단일로,기타단일로,승용차,승용차,승용차,승용차,917211,1483099,126.6103832,33.33621515
2018,2018-11-23 6:30,주간,금,1,3,2,0,0,제주,서귀포시,차대차,기타,기타,운전자법규위반,안전운전 의무 불이행,단일로,기타단일로,화물차,화물차,승용차,승용차,892964,1481485,126.3500665,33.31952075
2018,2018-12-19 19:28,야간,수,1,1,0,0,0,제주,제주시,차대사람,횡단중,횡단중,운전자법규위반,안전운전 의무 불이행,단일로,기타단일로,승용차,승용차,보행자,보행자,886711,1494802,126.2812264,33.43897066
2018,2018-12-05 11:00,주간,수,1,1,0,0,0,제주,제주시,차대차,기타,기타,운전자법규위반,안전운전 의무 불이행,교차로,교차로내,승용차,승용차,화물차,화물차,881503,1488163,126.2260844,33.37853993
2018,2018-08-13 11:11,주간,월,1,1,0,0,0,제주,제주시,차대사람,횡단중,횡단중,운전자법규위반,안전운전 의무 불이행,교차로,교차로횡단보도내,승용차,승용차,보행자,보행자,900681,1500196,126.4308955,33.48900033
2018,2018-01-02 14:00,주간,화,1,1,0,0,0,제주,제주시,차량단독,공작물충돌,공작물충돌,운전자법규위반,안전운전 의무 불이행,단일로,기타단일로,승용차,승용차,없음,없음,886877,1485703,126.2841553,33.35693558
2018,2018-04-18 20:55,야간,수,1,2,0,1,0,제주,제주시,차대사람,횡단중,횡단중,운전자법규위반,과속,단일로,기타단일로,이륜차,이륜차,보행자,보행자,912649,1502300,126.5595019,33.50901953
2018,2018-01-07 6:20,주간,일,1,1,0,0,0,제주,제주시,차대차,기타,기타,운전자법규위반,신호위반,교차로,교차로내,화물차,화물차,이륜차,이륜차,943576,1500764,126.8925653,33.49724653
2018,2018-02-24 20:21,야간,토,1,1,0,0,0,제주,서귀포시,차대사람,횡단중,횡단중,운전자법규위반,안전운전 의무 불이행,교차로,교차로부근,승용차,승용차,보행자,보행자,913775,1473789,126.5743526,33.25198048
2018,2018-03-15 20:50,야간,목,1,4,3,0,0,제주,서귀포시,차대차,정면충돌,정면충돌,운전자법규위반,중앙선 침범,단일로,교량위,승용차,승용차,승용차,승용차,893983,1477100,126.3615261,33.28007697
2018,2018-04-21 14:50,주간,토,1,2,0,0,1,제주,서귀포시,차대차,기타,기타,운전자법규위반,중앙선 침범,교차로,교차로부근,이륜차,이륜차,승용차,승용차,934745,1487716,126.7984484,33.37906328
2018,2018-08-05 23:50,야간,일,1,2,1,0,0,제주,서귀포시,차대사람,횡단중,횡단중,운전자법규위반,보행자 보호의무 위반,단일로,기타단일로,승용차,승용차,보행자,보행자,899743,1473906,126.423724,33.25182329
2018,2018-12-22 21:55,야간,토,1,1,0,0,0,제주,서귀포시,차대사람,기타,기타,운전자법규위반,안전운전 의무 불이행,단일로,기타단일로,승용차,승용차,보행자,보행자,944894,1492984,126.9072314,33.42714572
2018,2018-11-23 18:29,야간,금,1,1,0,0,0,제주,제주시,차대차,기타,기타,운전자법규위반,신호위반,교차로,교차로내,승용차,승용차,이륜차,이륜차,897329,1498265,126.3950403,33.47127006
2018,2018-07-11 14:27,주간,수,1,1,0,0,0,제주,제주시,차량단독,기타,기타,운전자법규위반,안전운전 의무 불이행,단일로,기타단일로,화물차,화물차,없음,없음,890498,1497538,126.321626,33.46403705
2018,2018-07-25 3:00,야간,수,1,1,0,0,0,제주,제주시,차량단독,공작물충돌,공작물충돌,운전자법규위반,안전운전 의무 불이행,단일로,기타단일로,승용차,승용차,없음,없음,878761,1486523,126.1968333,33.36344522
2018,2018-01-07 0:35,야간,일,1,4,2,1,0,제주,서귀포시,차량단독,공작물충돌,공작물충돌,운전자법규위반,안전운전 의무 불이행,교차로,교차로부근,승용차,승용차,없음,없음,888235,1477359,126.2997801,33.28183205
2018,2018-11-05 20:50,야간,월,1,3,2,0,0,제주,서귀포시,차대차,기타,기타,운전자법규위반,과속,단일로,기타단일로,승용차,승용차,승용차,승용차,910627,1472958,126.5406439,33.24422978
2018,2018-10-22 11:05,주간,월,1,1,0,0,0,제주,서귀포시,차량단독,도로이탈,도로이탈 기타,운전자법규위반,안전운전 의무 불이행,단일로,기타단일로,사륜오토바이(ATV),사륜오토바이(ATV),없음,없음,905491,1474877,126.4853199,33.26109903
2018,2018-11-15 7:17,주간,목,1,1,0,0,0,제주,서귀포시,차대차,기타,기타,운전자법규위반,신호위반,교차로,교차로내,승용차,승용차,원동기장치자전거,원동기장치자전거,908603,1474831,126.5187317,33.26095231
2018,2018-10-23 14:55,주간,화,1,1,0,0,0,제주,서귀포시,차대사람,기타,기타,운전자법규위반,안전운전 의무 불이행,교차로,교차로내,화물차,화물차,보행자,보행자,927148,1476645,126.7176728,33.27872484
2018,2018-11-10 14:31,주간,토,1,1,0,0,0,제주,제주시,차대차,기타,기타,운전자법규위반,신호위반,교차로,교차로내,승용차,승용차,이륜차,이륜차,900248,1500587,126.4261918,33.4924861
2018,2018-08-12 2:55,야간,일,1,1,0,0,0,제주,제주시,차대사람,횡단중,횡단중,운전자법규위반,안전운전 의무 불이행,교차로,교차로부근,승용차,승용차,보행자,보행자,907103,1500620,126.4999707,33.49340115
2018,2018-11-29 10:00,주간,목,1,1,0,0,0,제주,제주시,차대사람,기타,기타,운전자법규위반,안전운전 의무 불이행,단일로,기타단일로,승용차,승용차,보행자,보행자,906084,1500797,126.4889842,33.49490838
2018,2018-01-17 6:07,주간,수,1,1,0,0,0,제주,제주시,차대사람,기타,기타,운전자법규위반,안전운전 의무 불이행,단일로,기타단일로,화물차,화물차,보행자,보행자,888479,1486482,126.3012739,33.3641279
2018,2018-09-18 2:08,야간,화,1,1,0,0,0,제주,제주시,차대사람,기타,기타,운전자법규위반,안전운전 의무 불이행,교차로,교차로내,승용차,승용차,보행자,보행자,910121,1500751,126.532442,33.49484048
2018,2018-08-16 3:47,야간,목,1,1,0,0,0,제주,제주시,차대사람,기타,기타,운전자법규위반,과속,단일로,기타단일로,승용차,승용차,보행자,보행자,916128,1500042,126.5971672,33.48893438
2018,2018-11-08 20:58,야간,목,1,1,0,0,0,제주,서귀포시,차대사람,횡단중,횡단중,운전자법규위반,안전운전 의무 불이행,교차로,교차로내,승용차,승용차,보행자,보행자,920666,1475953,126.6481324,33.27202619
2018,2018-07-04 0:23,야간,수,1,1,0,0,0,제주,서귀포시,차량단독,기타,기타,운전자법규위반,안전운전 의무 불이행,단일로,기타단일로,이륜차,이륜차,없음,없음,911086,1472639,126.5456017,33.2413907
2018,2018-02-01 1:15,야간,목,1,1,0,0,0,제주,서귀포시,차대사람,기타,기타,운전자법규위반,안전운전 의무 불이행,단일로,기타단일로,승용차,승용차,보행자,보행자,945106,1497106,126.9092598,33.46433395
2018,2018-11-29 16:50,주간,목,1,2,1,0,0,제주,서귀포시,차대차,추돌,추돌,운전자법규위반,안전운전 의무 불이행,단일로,기타단일로,승용차,승용차,농기계,농기계,886548,1474188,126.2820644,33.25305992
2018,2018-10-28 7:17,주간,일,1,1,0,0,0,제주,제주시,차량단독,전도,전도,운전자법규위반,안전운전 의무 불이행,단일로,기타단일로,자전거,자전거,없음,없음,875641,1482179,126.1639036,33.32391705
2018,2018-07-05 16:25,주간,목,1,2,1,0,0,제주,제주시,차대차,기타,기타,운전자법규위반,과속,교차로,교차로내,승용차,승용차,농기계,농기계,931105,1506838,126.7578495,33.55129622
2018,2018-01-02 22:55,야간,화,1,1,0,0,0,제주,제주시,차대사람,횡단중,횡단중,운전자법규위반,보행자 보호의무 위반,교차로,교차로횡단보도내,승합차,승합차,보행자,보행자,909791,1501945,126.5287697,33.5055806
2018,2018-05-12 19:42,야간,토,1,1,0,0,0,제주,서귀포시,차대사람,기타,기타,운전자법규위반,안전운전 의무 불이행,교차로,교차로부근,승용차,승용차,보행자,보행자,927112,1479903,126.7170238,33.30810666
2018,2018-07-13 4:38,야간,금,2,3,1,0,0,제주,서귀포시,차량단독,기타,기타,운전자법규위반,안전운전 의무 불이행,교차로,교차로부근,승용차,승용차,없음,없음,922304,1476582,126.6656652,33.27781842
2018,2018-10-27 10:10,주간,토,1,1,0,0,0,제주,서귀포시,차대차,측면충돌,측면충돌,운전자법규위반,긴급자동차에대한 피양의무 위반,교차로,교차로내,승용차,승용차,이륜차,이륜차,883706,1470725,126.2520048,33.22152846
2018,2018-05-05 0:25,야간,토,1,1,0,0,0,제주,서귀포시,차대사람,횡단중,횡단중,운전자법규위반,과속,교차로,교차로내,승용차,승용차,보행자,보행자,945255,1494644,126.9110133,33.44213621
2018,2018-12-05 17:40,주간,수,1,1,0,0,0,제주,서귀포시,차대차,측면충돌,측면충돌,운전자법규위반,안전운전 의무 불이행,교차로,교차로내,이륜차,이륜차,승용차,승용차,914567,1474979,126.5827418,33.26277589
2018,2018-02-19 19:15,야간,월,1,1,0,0,0,제주,제주시,차대사람,길가장자리구역통행중,길가장자리구역통행중,운전자법규위반,안전운전 의무 불이행,단일로,기타단일로,승용차,승용차,보행자,보행자,901372,1497399,126.4386402,33.46384055
2018,2018-03-07 16:33,주간,수,1,1,0,0,0,제주,제주시,차대차,기타,기타,운전자법규위반,직진 및 우회전차의 통행방해,교차로,교차로내,화물차,화물차,이륜차,이륜차,884443,1491778,126.2572207,33.41145917
2018,2018-04-09 20:05,야간,월,1,1,0,0,0,제주,제주시,차량단독,전도,전도,운전자법규위반,안전운전 의무 불이행,교차로,교차로내,원동기장치자전거,원동기장치자전거,없음,없음,906431,1500351,126.4927658,33.49091665
2018,2018-02-01 12:01,주간,목,1,1,0,0,0,제주,서귀포시,차대사람,기타,기타,운전자법규위반,안전운전 의무 불이행,단일로,기타단일로,화물차,화물차,보행자,보행자,927115,1476714,126.7173129,33.27934493
2018,2018-02-25 6:34,주간,일,1,1,0,0,0,제주,서귀포시,차대사람,횡단중,횡단중,운전자법규위반,중앙선 침범,단일로,기타단일로,승용차,승용차,보행자,보행자,929421,1477331,126.7420263,33.2850632
2018,2018-11-21 10:25,주간,수,1,1,0,0,0,제주,서귀포시,차대차,추돌,추돌,운전자법규위반,안전운전 의무 불이행,단일로,기타단일로,승용차,승용차,이륜차,이륜차,888716,1476473,126.3050534,33.27389186
2018,2018-09-02 19:42,야간,일,1,2,0,1,0,제주,서귀포시,차대차,측면충돌,측면충돌,운전자법규위반,과속,교차로,교차로내,이륜차,이륜차,승용차,승용차,926500,1477025,126.710684,33.28210812
2018,2018-08-22 1:18,야간,수,1,1,0,0,0,제주,서귀포시,차량단독,기타,기타,운전자법규위반,안전운전 의무 불이행,기타,기타,사륜오토바이(ATV),사륜오토바이(ATV),없음,없음,942291,1488316,126.879532,33.38490686
2018,2018-07-29 22:50,야간,일,1,1,0,0,0,제주,서귀포시,차대사람,기타,기타,운전자법규위반,안전운전 의무 불이행,교차로,교차로부근,승용차,승용차,보행자,보행자,887999,1471753,126.2979388,33.23125257
2018,2018-07-17 21:10,야간,화,1,1,0,0,0,제주,제주시,차대사람,횡단중,횡단중,운전자법규위반,보행자 보호의무 위반,교차로,교차로횡단보도내,승용차,승용차,보행자,보행자,885811,1491300,126.2719908,33.4072952
2018,2018-06-18 17:25,주간,월,1,1,0,0,0,제주,제주시,차량단독,기타,기타,운전자법규위반,안전운전 의무 불이행,단일로,기타단일로,화물차,화물차,없음,없음,888150,1492702,126.2969656,33.42018453
2018,2018-10-12 20:30,야간,금,1,1,0,0,0,제주,제주시,차대차,기타,기타,운전자법규위반,중앙선 침범,단일로,기타단일로,이륜차,이륜차,승용차,승용차,902813,1497668,126.4541157,33.46639823
2018,2018-02-24 21:04,야간,토,1,1,0,0,0,제주,제주시,차대사람,횡단중,횡단중,운전자법규위반,안전운전 의무 불이행,단일로,기타단일로,승합차,승합차,보행자,보행자,899311,1500053,126.4161667,33.48758265
2018,2018-01-18 12:35,주간,목,1,1,0,0,0,제주,제주시,차대차,기타,기타,운전자법규위반,직진 및 우회전차의 통행방해,교차로,교차로내,승용차,승용차,이륜차,이륜차,883369,1481408,126.2470138,33.31782956
2018,2018-04-09 11:10,주간,월,1,1,0,0,0,제주,제주시,차대사람,횡단중,횡단중,운전자법규위반,보행자 보호의무 위반,단일로,기타단일로,승용차,승용차,보행자,보행자,910900,1502135,126.5406893,33.50738711
2018,2018-01-22 0:35,야간,월,1,1,0,0,0,제주,제주시,차대사람,횡단중,횡단중,운전자법규위반,안전운전 의무 불이행,교차로,교차로부근,승용차,승용차,보행자,보행자,914716.2,1503639.2,126.5816291,33.52126402
2018,2018-10-24 14:05,주간,수,1,1,0,0,0,제주,서귀포시,차량단독,도로이탈,도로이탈 기타,운전자법규위반,안전운전 의무 불이행,단일로,기타단일로,자전거,자전거,없음,없음,945263,1495584,126.9110421,33.45061471
2018,2018-11-21 15:30,주간,수,1,1,0,0,0,제주,서귀포시,차대차,측면충돌,측면충돌,운전자법규위반,안전운전 의무 불이행,단일로,기타단일로,화물차,화물차,이륜차,이륜차,884961,1472070,126.2652995,33.23379195
2018,2018-10-15 19:50,야간,월,1,1,0,0,0,제주,서귀포시,차대사람,횡단중,횡단중,운전자법규위반,과속,단일로,기타단일로,승합차,승합차,보행자,보행자,925416,1484598,126.698419,33.35033481
2018,2018-08-15 23:10,야간,수,1,1,0,0,0,제주,제주시,차량단독,전도,전도,운전자법규위반,안전운전 의무 불이행,단일로,기타단일로,이륜차,이륜차,없음,없음,899470,1500121,126.4178703,33.48821084
2018,2018-03-22 21:50,야간,목,1,1,0,0,0,제주,제주시,차대사람,차도통행중,차도통행중,운전자법규위반,안전운전 의무 불이행,단일로,기타단일로,화물차,화물차,보행자,보행자,877993,1485938,126.1886593,33.35808308
2018,2018-01-29 19:00,야간,월,1,2,1,0,0,제주,제주시,차대사람,횡단중,횡단중,운전자법규위반,안전운전 의무 불이행,단일로,기타단일로,승용차,승용차,보행자,보행자,894780,1498312,126.3676067,33.47144634
2018,2018-01-11 10:25,주간,목,1,2,0,1,0,제주,제주시,차대차,정면충돌,정면충돌,운전자법규위반,신호위반,교차로,교차로내,화물차,화물차,화물차,화물차,877571,1479484,126.1849994,33.29983605
2018,2018-12-23 11:58,주간,일,1,1,0,0,0,제주,제주시,차대차,기타,기타,운전자법규위반,신호위반,교차로,교차로부근,승용차,승용차,이륜차,이륜차,908633,1500507,126.5164505,33.4925139
2018,2018-06-13 3:45,야간,수,1,1,0,0,0,제주,제주시,차대사람,기타,기타,운전자법규위반,안전운전 의무 불이행,교차로,교차로내,승용차,승용차,보행자,보행자,908679,1500493,126.516947,33.49239157
2018,2018-02-01 0:10,야간,목,1,3,0,2,0,제주,제주시,차량단독,공작물충돌,공작물충돌,운전자법규위반,과속,단일로,기타단일로,화물차,화물차,없음,없음,928766,1494188,126.733661,33.43705418
2018,2018-06-13 4:03,야간,수,1,1,0,0,0,제주,제주시,차량단독,공작물충돌,공작물충돌,운전자법규위반,안전운전 의무 불이행,단일로,기타단일로,승용차,승용차,없음,없음,912687,1495075,126.5606145,33.44386419
2018,2018-04-08 18:20,야간,일,1,1,0,0,0,제주,제주시,차대차,기타,기타,운전자법규위반,안전운전 의무 불이행,단일로,기타단일로,이륜차,이륜차,승용차,승용차,912604,1498806,126.5593583,33.47750541
2018,2018-12-20 19:00,야간,목,1,1,0,0,0,제주,서귀포시,차대사람,횡단중,횡단중,운전자법규위반,안전운전 의무 불이행,교차로,교차로내,승용차,승용차,보행자,보행자,898839,1474274,126.4139799,33.25505769
2018,2018-01-08 8:20,주간,월,1,2,0,0,1,제주,서귀포시,차대사람,기타,기타,운전자법규위반,안전운전 의무 불이행,교차로,교차로내,승용차,승용차,보행자,보행자,892658,1481387,126.3467912,33.3186065
2018,2018-07-06 17:25,주간,금,1,2,1,0,0,제주,서귀포시,차대차,정면충돌,정면충돌,운전자법규위반,중앙선 침범,단일로,기타단일로,승용차,승용차,승용차,승용차,927560,1483784,126.7215248,33.3431399
2018,2018-10-15 18:36,야간,월,1,1,0,0,0,제주,서귀포시,차량단독,기타,기타,운전자법규위반,안전운전 의무 불이행,단일로,기타단일로,원동기장치자전거,원동기장치자전거,없음,없음,894876,1471793,126.3717294,33.23230456
2018,2018-11-04 11:19,주간,일,1,1,0,0,0,제주,서귀포시,차대차,기타,기타,운전자법규위반,안전운전 의무 불이행,단일로,기타단일로,이륜차,이륜차,승합차,승합차,893243,1477688,126.3535116,33.28530662
2018,2018-12-20 18:55,야간,목,1,1,0,0,0,제주,서귀포시,차대사람,기타,기타,운전자법규위반,안전운전 의무 불이행,단일로,기타단일로,승용차,승용차,보행자,보행자,891913,1473753,126.3397003,33.24968771
2018,2018-10-24 17:27,주간,수,1,1,0,0,0,제주,제주시,차대차,측면충돌,측면충돌,운전자법규위반,안전운전 의무 불이행,교차로,교차로내,화물차,화물차,이륜차,이륜차,889690,1493225,126.3134623,33.42506037
2018,2018-04-22 18:34,야간,일,1,1,0,0,0,제주,제주시,차량단독,도로이탈,도로이탈 기타,운전자법규위반,안전운전 의무 불이행,단일로,기타단일로,승용차,승용차,없음,없음,899243,1493869,126.4161291,33.43180838
